U16adm,peplap07963.pi.pvt,SUSE Linux Enterprise Server 15 SP4
U16adm,peplap07968.pi.pvt,SUSE Linux Enterprise Server 15 SP4
U32adm,pepldr03117.pi.pvt,Oracle Linux Server 8.8
U52adm,peplap07896.pi.pvt,SUSE Linux Enterprise Server 15 SP4
U62adm,peplap09459.pi.pvt,SUSE Linux Enterprise Server 15 SP4
U62adm,peplap09458.pi.pvt,SUSE Linux Enterprise Server 15 SP4
U62adm,peplap09489.pi.pvt,SUSE Linux Enterprise Server 15 SP4
U62adm,peplap09488.pi.pvt,SUSE Linux Enterprise Server 15 SP4
UX6adm,peplgp01316.pi.pvt,Oracle Linux Server 8.8
UX6adm,t01lap03580.pi.pvt,SUSE Linux Enterprise Server 15 SP4
UX6adm,peplap09587.pi.pvt,Oracle Linux Server 8.8
D21adm,peplap07883.pi.pvt,SUSE Linux Enterprise Server 15 SP4
D37adm,pepldr03037.pi.pvt,Oracle Linux Server 8.6
D57adm,peplap07410.pi.pvt,SUSE Linux Enterprise Server 15 SP4
D67adm,peplap09067.pi.pvt,SUSE Linux Enterprise Server 15 SP4
DX5adm,peplgp01254.pi.pvt,Oracle Linux Server 8.9
S21adm,peplap08701.pi.pvt,SUSE Linux Enterprise Server 15 SP4
S37adm,pepldr02966.pi.pvt,Oracle Linux Server 8.9
S57adm,peplap07491.pi.pvt,SUSE Linux Enterprise Server 15 SP4
S67adm,peplap08704.pi.pvt,SUSE Linux Enterprise Server 15 SP4
SX6adm,peplgp01273.pi.pvt,Oracle Linux Server 8.9
Q21adm,peplap07967.pi.pvt,SUSE Linux Enterprise Server 15 SP4
Q37adm,pepldr03113.pi.pvt,Oracle Linux Server 8.8
Q57adm,peplap07428.pi.pvt,SUSE Linux Enterprise Server 15 SP4
Q67adm,peplap09224.pi.pvt,SUSE Linux Enterprise Server 15 SP4
QX5adm,peplgp01255.pi.pvt,Oracle Linux Server 8.8
QX5adm,peplap09584.pi.pvt,Oracle Linux Server 8.8
QC7adm,peplap09230.pi.pvt,Error in connecting to the server
UC2adm,peplap09172.pi.pvt,Error in connecting to the server
UC2adm,peplap09173.pi.pvt,Error in connecting to the server
UC2adm,peplap09202.pi.pvt,Error in connecting to the server
UC2adm,peplap09185.pi.pvt,Error in connecting to the server
DC7adm,peplap09066.pi.pvt,Error in connecting to the server
SC7adm,peplap08703.pi.pvt,Error in connecting to the server
